,Unnamed: 0,n_qubs,p,opt_name,opt_iterations_mean,opt_iterations_std,opt_time_mean,opt_time_std,approx_ratio_mean,approx_ratio_std,optimal_sol_count
0,0,4,4,COBYLA,921.6,166.46334264469294,2.635,0.5252231271881821,1.0,0.0,10
0,0,6,4,COBYLA,1000.0,0.0,3.9968,0.2511590023161512,0.96,0.1264911064067351,9
0,0,8,4,COBYLA,1000.0,0.0,4.989800000000001,0.1765463741406836,0.8427,0.1422033364196807,3
0,0,10,4,COBYLA,1000.0,0.0,6.461,0.2269728324418291,0.7225,0.1408918024584823,1
0,0,12,4,COBYLA,921.2,249.18747962126827,9.6927,2.629501010965135,0.6452,0.1512230141215284,0
0,0,14,4,COBYLA,1000.0,0.0,16.1054,0.5487410237180301,0.6114,0.1430883177155517,0
0,0,16,4,COBYLA,1000.0,0.0,40.11399999999999,0.5985874112348906,0.6082,0.1041151072398024,0
0,0,18,4,COBYLA,909.8,238.11145849510615,128.26960000000005,33.45344476598951,0.5203,0.0746622766566594,0
0,0,20,4,COBYLA,1000.0,0.0,665.0812,4.493135129159672,0.5246999999999999,0.0549141754619575,0
